<?xml version="1.0" encoding="utf-8"?>
<gfc:FC_FeatureCatalogue xmlns:xsi="http://www.w3.org/2001/XMLSchema-instance" xmlns:gco="http://www.isotc211.org/2005/gco" xmlns:gfc="http://www.isotc211.org/2005/gfc" xmlns:gmd="http://www.isotc211.org/2005/gmd" xmlns:gmx="http://www.isotc211.org/2005/gmx" xmlns:gml="http://www.opengis.net/gml/3.2" xmlns:xlink="http://www.w3.org/1999/xlink" xmlns="http://www.isotc211.org/2005/gfc" xsi:schemaLocation="http://www.isotc211.org/2005/gfc http://www.isotc211.org/2005/gfc/gfc.xsd" uuid="&#10;               be376fb7-439a-491c-950b-6240544932bf&#10;            ">
  <gmx:name>
    <gco:CharacterString>Feature catalog for Historical United States County Boundaries, 1930</gco:CharacterString>
  </gmx:name>
  <gmx:scope>
    <gco:CharacterString>Counties</gco:CharacterString>
  </gmx:scope>
  <gmx:versionNumber gco:nilReason="unknown"/>
  <gmx:versionDate>
    <gco:Date>1999</gco:Date>
  </gmx:versionDate>
  <gmx:language>
    <gco:CharacterString>eng; US</gco:CharacterString>
  </gmx:language>
  <gmx:characterSet>
    <gmd:MD_CharacterSetCode codeList="http://www.isotc211.org/2005/resources/Codelist/gmxCodelists.xml#MD_CharacterSetCode" codeListValue="utf8" codeSpace="ISOTC211/19115"/>
  </gmx:characterSet>
  <gfc:producer>
    <gmd:CI_ResponsibleParty>
      <gmd:organisationName>
        <gco:CharacterString>Louisiana State University (Baton Rouge, La.). Department of Geography and Anthropology.</gco:CharacterString>
      </gmd:organisationName>
      <gmd:role>
        <gmd:CI_RoleCode codeList="http://www.isotc211.org/2005/resources/Codelist/gmxCodelists.xml#CI_RoleCode" codeListValue="originator" codeSpace="006"/>
      </gmd:role>
    </gmd:CI_ResponsibleParty>
  </gfc:producer>
  <gfc:featureType>
    <gfc:FC_FeatureType>
      <gfc:typeName>
        <gco:LocalName>us1930</gco:LocalName>
      </gfc:typeName>
      <gfc:definition/>
      <gfc:isAbstract>
        <gco:Boolean>false</gco:Boolean>
      </gfc:isAbstract>
      <gfc:featureCatalogue uuidref="&#10;               be376fb7-439a-491c-950b-6240544932bf&#10;            "/>
      <gfc:carrierOfCharacteristics>
        <gfc:FC_FeatureAttribute>
          <gfc:memberName>
            <gco:LocalName>FID</gco:LocalName>
          </gfc:memberName>
          <gfc:definition>
            <gco:CharacterString>Internal feature number.</gco:CharacterString>
          </gfc:definition>
          <gfc:cardinality gco:nilReason="unknown"/>
          <gfc:definitionReference>
            <gfc:FC_DefinitionReference>
              <gfc:definitionSource>
                <gfc:FC_DefinitionSource>
                  <gfc:source>
                    <gmd:CI_Citation>
                      <gmd:title>
                        <gco:CharacterString>Esri</gco:CharacterString>
                      </gmd:title>
                      <gmd:date gco:nilReason="unknown"/>
                      <gmd:citedResponsibleParty>
                        <gmd:CI_ResponsibleParty>
                          <gmd:organisationName>
                            <gco:CharacterString>Esri</gco:CharacterString>
                          </gmd:organisationName>
                          <gmd:role>
                            <gmd:CI_RoleCode codeList="http://www.isotc211.org/2005/resources/Codelist/gmxCodelists.xml#CI_RoleCode" codeListValue="resourceProvider" codeSpace="001"/>
                          </gmd:role>
                        </gmd:CI_ResponsibleParty>
                      </gmd:citedResponsibleParty>
                    </gmd:CI_Citation>
                  </gfc:source>
                </gfc:FC_DefinitionSource>
              </gfc:definitionSource>
            </gfc:FC_DefinitionReference>
          </gfc:definitionReference>
          <gfc:valueType>
            <gco:TypeName>
              <gco:aName>
                <gco:CharacterString>OID</gco:CharacterString>
              </gco:aName>
            </gco:TypeName>
          </gfc:valueType>
        </gfc:FC_FeatureAttribute>
      </gfc:carrierOfCharacteristics>
      <gfc:carrierOfCharacteristics>
        <gfc:FC_FeatureAttribute>
          <gfc:memberName>
            <gco:LocalName>Shape</gco:LocalName>
          </gfc:memberName>
          <gfc:definition>
            <gco:CharacterString>Feature geometry.</gco:CharacterString>
          </gfc:definition>
          <gfc:cardinality gco:nilReason="unknown"/>
          <gfc:definitionReference>
            <gfc:FC_DefinitionReference>
              <gfc:definitionSource>
                <gfc:FC_DefinitionSource>
                  <gfc:source>
                    <gmd:CI_Citation>
                      <gmd:title>
                        <gco:CharacterString>Esri</gco:CharacterString>
                      </gmd:title>
                      <gmd:date gco:nilReason="unknown"/>
                      <gmd:citedResponsibleParty>
                        <gmd:CI_ResponsibleParty>
                          <gmd:organisationName>
                            <gco:CharacterString>Esri</gco:CharacterString>
                          </gmd:organisationName>
                          <gmd:role>
                            <gmd:CI_RoleCode codeList="http://www.isotc211.org/2005/resources/Codelist/gmxCodelists.xml#CI_RoleCode" codeListValue="resourceProvider" codeSpace="001"/>
                          </gmd:role>
                        </gmd:CI_ResponsibleParty>
                      </gmd:citedResponsibleParty>
                    </gmd:CI_Citation>
                  </gfc:source>
                </gfc:FC_DefinitionSource>
              </gfc:definitionSource>
            </gfc:FC_DefinitionReference>
          </gfc:definitionReference>
          <gfc:valueType>
            <gco:TypeName>
              <gco:aName>
                <gco:CharacterString>Geometry</gco:CharacterString>
              </gco:aName>
            </gco:TypeName>
          </gfc:valueType>
        </gfc:FC_FeatureAttribute>
      </gfc:carrierOfCharacteristics>
      <gfc:carrierOfCharacteristics>
        <gfc:FC_FeatureAttribute>
          <gfc:memberName>
            <gco:LocalName>AREA</gco:LocalName>
          </gfc:memberName>
          <gfc:definition>
            <gco:CharacterString>Internally calculated area of the feature</gco:CharacterString>
          </gfc:definition>
          <gfc:cardinality gco:nilReason="unknown"/>
          <gfc:valueType>
            <gco:TypeName>
              <gco:aName>
                <gco:CharacterString>Double</gco:CharacterString>
              </gco:aName>
            </gco:TypeName>
          </gfc:valueType>
        </gfc:FC_FeatureAttribute>
      </gfc:carrierOfCharacteristics>
      <gfc:carrierOfCharacteristics>
        <gfc:FC_FeatureAttribute>
          <gfc:memberName>
            <gco:LocalName>PERIMETER</gco:LocalName>
          </gfc:memberName>
          <gfc:definition>
            <gco:CharacterString>Internally calculated perimiter of the feature</gco:CharacterString>
          </gfc:definition>
          <gfc:cardinality gco:nilReason="unknown"/>
          <gfc:valueType>
            <gco:TypeName>
              <gco:aName>
                <gco:CharacterString>Double</gco:CharacterString>
              </gco:aName>
            </gco:TypeName>
          </gfc:valueType>
        </gfc:FC_FeatureAttribute>
      </gfc:carrierOfCharacteristics>
      <gfc:carrierOfCharacteristics>
        <gfc:FC_FeatureAttribute>
          <gfc:memberName>
            <gco:LocalName>COUNTY</gco:LocalName>
          </gfc:memberName>
          <gfc:definition>
            <gco:CharacterString>County name. Indian territories and some unnamed counties are blank in the "County" field due to the fact that they were unorganized or Indian territories</gco:CharacterString>
          </gfc:definition>
          <gfc:cardinality gco:nilReason="unknown"/>
          <gfc:valueType>
            <gco:TypeName>
              <gco:aName>
                <gco:CharacterString>String</gco:CharacterString>
              </gco:aName>
            </gco:TypeName>
          </gfc:valueType>
        </gfc:FC_FeatureAttribute>
      </gfc:carrierOfCharacteristics>
      <gfc:carrierOfCharacteristics>
        <gfc:FC_FeatureAttribute>
          <gfc:memberName>
            <gco:LocalName>STATE</gco:LocalName>
          </gfc:memberName>
          <gfc:definition>
            <gco:CharacterString>State Name. Some counties or territories are identified by the present name in the 'State' field rather than the territory name in certain decades before the particular territory achieved statehood.</gco:CharacterString>
          </gfc:definition>
          <gfc:cardinality gco:nilReason="unknown"/>
          <gfc:valueType>
            <gco:TypeName>
              <gco:aName>
                <gco:CharacterString>String</gco:CharacterString>
              </gco:aName>
            </gco:TypeName>
          </gfc:valueType>
        </gfc:FC_FeatureAttribute>
      </gfc:carrierOfCharacteristics>
      <gfc:carrierOfCharacteristics>
        <gfc:FC_FeatureAttribute>
          <gfc:memberName>
            <gco:LocalName>ID</gco:LocalName>
          </gfc:memberName>
          <gfc:definition>
            <gco:CharacterString>1970 FIPS code number (counties created after 1970 are given their new official FIPS code) save for counties disestablished prior to 1970. In these cases, we assign them the first available even number in accordance with the alphabetical/numerical order of the counties/FIPS codes. Some very rare exceptions will include Indian Territories, phantom counties, and territories and states not parceled into counties at that time. These exceptions are usually given the FIPS code numbers of **999 or **000</gco:CharacterString>
          </gfc:definition>
          <gfc:cardinality gco:nilReason="unknown"/>
          <gfc:valueType>
            <gco:TypeName>
              <gco:aName>
                <gco:CharacterString>Double</gco:CharacterString>
              </gco:aName>
            </gco:TypeName>
          </gfc:valueType>
        </gfc:FC_FeatureAttribute>
      </gfc:carrierOfCharacteristics>
      <gfc:carrierOfCharacteristics>
        <gfc:FC_FeatureAttribute>
          <gfc:memberName>
            <gco:LocalName>CNTY_AREA</gco:LocalName>
          </gfc:memberName>
          <gfc:definition>
            <gco:CharacterString>Estimated area of the County in square miles</gco:CharacterString>
          </gfc:definition>
          <gfc:cardinality gco:nilReason="unknown"/>
          <gfc:valueType>
            <gco:TypeName>
              <gco:aName>
                <gco:CharacterString>Double</gco:CharacterString>
              </gco:aName>
            </gco:TypeName>
          </gfc:valueType>
        </gfc:FC_FeatureAttribute>
      </gfc:carrierOfCharacteristics>
      <gfc:carrierOfCharacteristics>
        <gfc:FC_FeatureAttribute>
          <gfc:memberName>
            <gco:LocalName>GAVPrimary</gco:LocalName>
          </gfc:memberName>
          <gfc:cardinality gco:nilReason="unknown"/>
          <gfc:valueType>
            <gco:TypeName>
              <gco:aName>
                <gco:CharacterString>Double</gco:CharacterString>
              </gco:aName>
            </gco:TypeName>
          </gfc:valueType>
        </gfc:FC_FeatureAttribute>
      </gfc:carrierOfCharacteristics>
      <gfc:carrierOfCharacteristics>
        <gfc:FC_FeatureAttribute>
          <gfc:memberName>
            <gco:LocalName>ID1</gco:LocalName>
          </gfc:memberName>
          <gfc:cardinality gco:nilReason="unknown"/>
          <gfc:valueType>
            <gco:TypeName>
              <gco:aName>
                <gco:CharacterString>Double</gco:CharacterString>
              </gco:aName>
            </gco:TypeName>
          </gfc:valueType>
        </gfc:FC_FeatureAttribute>
      </gfc:carrierOfCharacteristics>
    </gfc:FC_FeatureType>
  </gfc:featureType>
</gfc:FC_FeatureCatalogue>
