<?xml version="1.0" encoding="UTF-8"?>
<MD_Metadata xmlns="http://www.isotc211.org/2005/gmd" xmlns:gco="http://www.isotc211.org/2005/gco" xmlns:gts="http://www.isotc211.org/2005/gts" xmlns:srv="http://www.isotc211.org/2005/srv" xmlns:gml="http://www.opengis.net/gml" xmlns:xlink="http://www.w3.org/1999/xlink" xmlns:xsi="http://www.w3.org/2001/XMLSchema-instance">
  <fileIdentifier>
    <gco:CharacterString>edu.stanford.purl:zf690wx7253</gco:CharacterString>
  </fileIdentifier>
  <language>
    <LanguageCode codeList="http://www.loc.gov/standards/iso639-2/php/code_list.php" codeListValue="eng" codeSpace="ISO639-2">eng</LanguageCode>
  </language>
  <characterSet>
    <MD_CharacterSetCode codeList="http://www.isotc211.org/2005/resources/Codelist/gmxCodelists.xml#MD_CharacterSetCode" codeListValue="utf8" codeSpace="ISOTC211/19115">utf8</MD_CharacterSetCode>
  </characterSet>
  <parentIdentifier>
    <gco:CharacterString>http://purl.stanford.edu/gz830zp4734.mods</gco:CharacterString>
  </parentIdentifier>
  <hierarchyLevel>
    <MD_ScopeCode codeList="http://www.isotc211.org/2005/resources/Codelist/gmxCodelists.xml#MD_ScopeCode" codeListValue="dataset" codeSpace="ISOTC211/19115">dataset</MD_ScopeCode>
  </hierarchyLevel>
  <hierarchyLevelName>
    <gco:CharacterString>dataset</gco:CharacterString>
  </hierarchyLevelName>
  <contact>
    <CI_ResponsibleParty>
      <organisationName>
        <gco:CharacterString>Stanford Geospatial Center</gco:CharacterString>
      </organisationName>
      <contactInfo>
        <CI_Contact>
          <phone>
            <CI_Telephone>
              <voice>
                <gco:CharacterString>650-723-2746</gco:CharacterString>
              </voice>
            </CI_Telephone>
          </phone>
          <address>
            <CI_Address>
              <deliveryPoint>
                <gco:CharacterString>Mitchell Bldg. 2nd floor</gco:CharacterString>
              </deliveryPoint>
              <deliveryPoint>
                <gco:CharacterString>397 Panama Mall</gco:CharacterString>
              </deliveryPoint>
              <city>
                <gco:CharacterString>Stanford</gco:CharacterString>
              </city>
              <administrativeArea>
                <gco:CharacterString>California</gco:CharacterString>
              </administrativeArea>
              <postalCode>
                <gco:CharacterString>94305</gco:CharacterString>
              </postalCode>
              <country>
                <gco:CharacterString>US</gco:CharacterString>
              </country>
              <electronicMailAddress>
                <gco:CharacterString>brannerlibrary@stanford.edu</gco:CharacterString>
              </electronicMailAddress>
            </CI_Address>
          </address>
        </CI_Contact>
      </contactInfo>
      <role>
        <CI_RoleCode codeList="http://www.isotc211.org/2005/resources/Codelist/gmxCodelists.xml#CI_RoleCode" codeListValue="pointOfContact" codeSpace="ISOTC211/19115">pointOfContact</CI_RoleCode>
      </role>
    </CI_ResponsibleParty>
  </contact>
  <dateStamp>
    <gco:Date>2015-06-09</gco:Date>
  </dateStamp>
  <metadataStandardName>
    <gco:CharacterString>ISO 19139 Geographic Information - Metadata - Implementation Specification</gco:CharacterString>
  </metadataStandardName>
  <metadataStandardVersion>
    <gco:CharacterString>2007</gco:CharacterString>
  </metadataStandardVersion>
  <dataSetURI>
    <gco:CharacterString>http://purl.stanford.edu/zf690wx7253</gco:CharacterString>
  </dataSetURI>
  <spatialRepresentationInfo>
    <MD_VectorSpatialRepresentation>
      <topologyLevel>
        <MD_TopologyLevelCode codeList="http://www.isotc211.org/2005/resources/Codelist/gmxCodelists.xml#MD_TopologyLevelCode" codeListValue="geometryOnly" codeSpace="ISOTC211/19115">geometryOnly</MD_TopologyLevelCode>
      </topologyLevel>
      <geometricObjects>
        <MD_GeometricObjects>
          <geometricObjectType>
            <MD_GeometricObjectTypeCode codeList="http://www.isotc211.org/2005/resources/Codelist/gmxCodelists.xml#MD_GeometricObjectTypeCode" codeListValue="composite" codeSpace="ISOTC211/19115">composite</MD_GeometricObjectTypeCode>
          </geometricObjectType>
          <geometricObjectCount>
            <gco:Integer>3074</gco:Integer>
          </geometricObjectCount>
        </MD_GeometricObjects>
      </geometricObjects>
    </MD_VectorSpatialRepresentation>
  </spatialRepresentationInfo>
  <referenceSystemInfo>
    <MD_ReferenceSystem>
      <referenceSystemIdentifier>
        <RS_Identifier>
          <code>
            <gco:CharacterString>4326</gco:CharacterString>
          </code>
          <codeSpace>
            <gco:CharacterString>EPSG</gco:CharacterString>
          </codeSpace>
          <version>
            <gco:CharacterString>8.2.6</gco:CharacterString>
          </version>
        </RS_Identifier>
      </referenceSystemIdentifier>
    </MD_ReferenceSystem>
  </referenceSystemInfo>
  <identificationInfo>
    <MD_DataIdentification>
      <citation>
        <CI_Citation>
          <title>
            <gco:CharacterString>Historical United States County Boundaries, 1930</gco:CharacterString>
          </title>
          <date>
            <CI_Date>
              <date>
                <gco:Date>1999-12-31</gco:Date>
              </date>
              <dateType>
                <CI_DateTypeCode codeList="http://www.isotc211.org/2005/resources/Codelist/gmxCodelists.xml#CI_DateTypeCode" codeListValue="publication" codeSpace="ISOTC211/19115">publication</CI_DateTypeCode>
              </dateType>
            </CI_Date>
          </date>
          <identifier>
            <MD_Identifier>
              <code>
                <gco:CharacterString>http://purl.stanford.edu/zf690wx7253</gco:CharacterString>
              </code>
            </MD_Identifier>
          </identifier>
          <citedResponsibleParty>
            <CI_ResponsibleParty>
              <individualName>
                <gco:CharacterString>Earle, Carville</gco:CharacterString>
              </individualName>
              <role>
                <CI_RoleCode codeList="http://www.isotc211.org/2005/resources/Codelist/gmxCodelists.xml#CI_RoleCode" codeListValue="originator" codeSpace="ISOTC211/19115">originator</CI_RoleCode>
              </role>
            </CI_ResponsibleParty>
          </citedResponsibleParty>
          <citedResponsibleParty>
            <CI_ResponsibleParty>
              <individualName>
                <gco:CharacterString>Heppen, John</gco:CharacterString>
              </individualName>
              <role>
                <CI_RoleCode codeList="http://www.isotc211.org/2005/resources/Codelist/gmxCodelists.xml#CI_RoleCode" codeListValue="originator" codeSpace="ISOTC211/19115">originator</CI_RoleCode>
              </role>
            </CI_ResponsibleParty>
          </citedResponsibleParty>
          <citedResponsibleParty>
            <CI_ResponsibleParty>
              <organisationName>
                <gco:CharacterString>Louisiana State University (Baton Rouge, La.). Department of Geography and Anthropology.</gco:CharacterString>
              </organisationName>
              <role>
                <CI_RoleCode codeList="http://www.isotc211.org/2005/resources/Codelist/gmxCodelists.xml#CI_RoleCode" codeListValue="originator" codeSpace="ISOTC211/19115">originator</CI_RoleCode>
              </role>
            </CI_ResponsibleParty>
          </citedResponsibleParty>
          <citedResponsibleParty>
            <CI_ResponsibleParty>
              <organisationName>
                <gco:CharacterString>Geoscience Publications</gco:CharacterString>
              </organisationName>
              <contactInfo>
                <CI_Contact>
                  <address>
                    <CI_Address>
                      <city>
                        <gco:CharacterString>Baton Rouge</gco:CharacterString>
                      </city>
                      <administrativeArea>
                        <gco:CharacterString>Louisiana</gco:CharacterString>
                      </administrativeArea>
                      <country>
                        <gco:CharacterString>US</gco:CharacterString>
                      </country>
                    </CI_Address>
                  </address>
                </CI_Contact>
              </contactInfo>
              <role>
                <CI_RoleCode codeList="http://www.isotc211.org/2005/resources/Codelist/gmxCodelists.xml#CI_RoleCode" codeListValue="publisher" codeSpace="ISOTC211/19115">publisher</CI_RoleCode>
              </role>
            </CI_ResponsibleParty>
          </citedResponsibleParty>
          <citedResponsibleParty>
            <CI_ResponsibleParty>
              <individualName>
                <gco:CharacterString>Otterstrom, Samuel</gco:CharacterString>
              </individualName>
              <role>
                <CI_RoleCode codeList="http://www.isotc211.org/2005/resources/Codelist/gmxCodelists.xml#CI_RoleCode" codeListValue="originator" codeSpace="ISOTC211/19115">originator</CI_RoleCode>
              </role>
            </CI_ResponsibleParty>
          </citedResponsibleParty>
          <citedResponsibleParty>
            <CI_ResponsibleParty>
              <individualName>
                <gco:CharacterString>Cao, Changyong</gco:CharacterString>
              </individualName>
              <role>
                <CI_RoleCode codeList="http://www.isotc211.org/2005/resources/Codelist/gmxCodelists.xml#CI_RoleCode" codeListValue="originator" codeSpace="ISOTC211/19115">originator</CI_RoleCode>
              </role>
            </CI_ResponsibleParty>
          </citedResponsibleParty>
          <presentationForm>
            <CI_PresentationFormCode codeList="http://www.isotc211.org/2005/resources/Codelist/gmxCodelists.xml#CI_PresentationFormCode" codeListValue="mapDigital" codeSpace="ISOTC211/19115">mapDigital</CI_PresentationFormCode>
          </presentationForm>
          <collectiveTitle>
            <gco:CharacterString>HUSCO 1790-1999: historical United States county boundary files</gco:CharacterString>
          </collectiveTitle>
        </CI_Citation>
      </citation>
      <abstract>
        <gco:CharacterString>This polygon shapefile contains county boundaries for the United States in 1930. Attributes include county and state names as well as FIPS identification numbers and county area estimates. Territories enumerated by the U.S. Census are also included. This layer is part of a collection of historical United States county boundary files (HUSCO), from each decade ranging from 1790-1999.</gco:CharacterString>
      </abstract>
      <purpose>
        <gco:CharacterString>This layer is intended for researchers, students, and policy makers for reference and mapping purposes, and may be used for basic applications such as viewing, querying, and map output production.</gco:CharacterString>
      </purpose>
      <credit>
        <gco:CharacterString>Earle, Carville, Changyong Cao, John Heppen, and Samuel Otterstrom. 1999. The Historical United States County Boundary Files 1790-1999. Geoscience Publications. Louisiana State University</gco:CharacterString>
      </credit>
      <status>
        <MD_ProgressCode codeList="http://www.isotc211.org/2005/resources/Codelist/gmxCodelists.xml#MD_ProgressCode" codeListValue="completed" codeSpace="ISOTC211/19115">completed</MD_ProgressCode>
      </status>
      <pointOfContact>
        <CI_ResponsibleParty>
          <organisationName>
            <gco:CharacterString>Louisiana State University (Baton Rouge, La.). Department of Geography and Anthropology.</gco:CharacterString>
          </organisationName>
          <contactInfo>
            <CI_Contact>
              <address>
                <CI_Address>
                  <deliveryPoint>
                    <gco:CharacterString>227 Howe Russell Bldg.</gco:CharacterString>
                  </deliveryPoint>
                  <city>
                    <gco:CharacterString>Baton Rouge</gco:CharacterString>
                  </city>
                  <administrativeArea>
                    <gco:CharacterString>Louisiana</gco:CharacterString>
                  </administrativeArea>
                  <postalCode>
                    <gco:CharacterString>70803</gco:CharacterString>
                  </postalCode>
                  <country>
                    <gco:CharacterString>US</gco:CharacterString>
                  </country>
                </CI_Address>
              </address>
              <contactInstructions>
                <gco:CharacterString>http://ga.lsu.edu/geoscience-publications</gco:CharacterString>
              </contactInstructions>
            </CI_Contact>
          </contactInfo>
          <role>
            <CI_RoleCode codeList="http://www.isotc211.org/2005/resources/Codelist/gmxCodelists.xml#CI_RoleCode" codeListValue="pointOfContact" codeSpace="ISOTC211/19115">pointOfContact</CI_RoleCode>
          </role>
        </CI_ResponsibleParty>
      </pointOfContact>
      <resourceMaintenance>
        <MD_MaintenanceInformation>
          <maintenanceAndUpdateFrequency>
            <MD_MaintenanceFrequencyCode codeList="http://www.isotc211.org/2005/resources/Codelist/gmxCodelists.xml#MD_MaintenanceFrequencyCode" codeListValue="unknown" codeSpace="ISOTC211/19115">unknown</MD_MaintenanceFrequencyCode>
          </maintenanceAndUpdateFrequency>
        </MD_MaintenanceInformation>
      </resourceMaintenance>
      <descriptiveKeywords>
        <MD_Keywords>
          <keyword>
            <gco:CharacterString>Alabama</gco:CharacterString>
          </keyword>
          <keyword>
            <gco:CharacterString>Arizona</gco:CharacterString>
          </keyword>
          <keyword>
            <gco:CharacterString>Arkansas</gco:CharacterString>
          </keyword>
          <keyword>
            <gco:CharacterString>California</gco:CharacterString>
          </keyword>
          <keyword>
            <gco:CharacterString>Colorado</gco:CharacterString>
          </keyword>
          <keyword>
            <gco:CharacterString>Connecticut</gco:CharacterString>
          </keyword>
          <keyword>
            <gco:CharacterString>Delaware</gco:CharacterString>
          </keyword>
          <keyword>
            <gco:CharacterString>Florida</gco:CharacterString>
          </keyword>
          <keyword>
            <gco:CharacterString>Georgia</gco:CharacterString>
          </keyword>
          <keyword>
            <gco:CharacterString>Idaho</gco:CharacterString>
          </keyword>
          <keyword>
            <gco:CharacterString>Illinois</gco:CharacterString>
          </keyword>
          <keyword>
            <gco:CharacterString>Indiana</gco:CharacterString>
          </keyword>
          <keyword>
            <gco:CharacterString>Iowa</gco:CharacterString>
          </keyword>
          <keyword>
            <gco:CharacterString>Kansas</gco:CharacterString>
          </keyword>
          <keyword>
            <gco:CharacterString>Kentucky</gco:CharacterString>
          </keyword>
          <keyword>
            <gco:CharacterString>Louisiana</gco:CharacterString>
          </keyword>
          <keyword>
            <gco:CharacterString>Maine</gco:CharacterString>
          </keyword>
          <keyword>
            <gco:CharacterString>Maryland</gco:CharacterString>
          </keyword>
          <keyword>
            <gco:CharacterString>Massachusetts</gco:CharacterString>
          </keyword>
          <keyword>
            <gco:CharacterString>Michigan</gco:CharacterString>
          </keyword>
          <keyword>
            <gco:CharacterString>Minnesota</gco:CharacterString>
          </keyword>
          <keyword>
            <gco:CharacterString>Mississippi</gco:CharacterString>
          </keyword>
          <keyword>
            <gco:CharacterString>Missouri</gco:CharacterString>
          </keyword>
          <keyword>
            <gco:CharacterString>Nebraska</gco:CharacterString>
          </keyword>
          <keyword>
            <gco:CharacterString>Nevada</gco:CharacterString>
          </keyword>
          <keyword>
            <gco:CharacterString>New Hampshire</gco:CharacterString>
          </keyword>
          <keyword>
            <gco:CharacterString>New Jersey</gco:CharacterString>
          </keyword>
          <keyword>
            <gco:CharacterString>New Mexico</gco:CharacterString>
          </keyword>
          <keyword>
            <gco:CharacterString>New York (State)</gco:CharacterString>
          </keyword>
          <keyword>
            <gco:CharacterString>North Carolina</gco:CharacterString>
          </keyword>
          <keyword>
            <gco:CharacterString>North Dakota</gco:CharacterString>
          </keyword>
          <keyword>
            <gco:CharacterString>Oklahoma</gco:CharacterString>
          </keyword>
          <keyword>
            <gco:CharacterString>Ohio</gco:CharacterString>
          </keyword>
          <keyword>
            <gco:CharacterString>Oregon</gco:CharacterString>
          </keyword>
          <keyword>
            <gco:CharacterString>Pennsylvania</gco:CharacterString>
          </keyword>
          <keyword>
            <gco:CharacterString>Rhode Island</gco:CharacterString>
          </keyword>
          <keyword>
            <gco:CharacterString>South Carolina</gco:CharacterString>
          </keyword>
          <keyword>
            <gco:CharacterString>South Dakota</gco:CharacterString>
          </keyword>
          <keyword>
            <gco:CharacterString>Tennessee</gco:CharacterString>
          </keyword>
          <keyword>
            <gco:CharacterString>Texas</gco:CharacterString>
          </keyword>
          <keyword>
            <gco:CharacterString>Utah</gco:CharacterString>
          </keyword>
          <keyword>
            <gco:CharacterString>Vermont</gco:CharacterString>
          </keyword>
          <keyword>
            <gco:CharacterString>Virginia</gco:CharacterString>
          </keyword>
          <keyword>
            <gco:CharacterString>Washington (State)</gco:CharacterString>
          </keyword>
          <keyword>
            <gco:CharacterString>West Virginia</gco:CharacterString>
          </keyword>
          <keyword>
            <gco:CharacterString>Wisconsin</gco:CharacterString>
          </keyword>
          <keyword>
            <gco:CharacterString>Wyoming</gco:CharacterString>
          </keyword>
          <keyword>
            <gco:CharacterString>United States</gco:CharacterString>
          </keyword>
          <type>
            <MD_KeywordTypeCode codeList="http://www.isotc211.org/2005/resources/Codelist/gmxCodelists.xml#MD_KeywordTypeCode" codeListValue="place" codeSpace="ISOTC211/19115">place</MD_KeywordTypeCode>
          </type>
          <thesaurusName>
            <CI_Citation>
              <title>
                <gco:CharacterString>geonames</gco:CharacterString>
              </title>
              <date>
                <CI_Date>
                  <date>
                    <gco:Date>2012-11-01</gco:Date>
                  </date>
                  <dateType>
                    <CI_DateTypeCode codeList="http://www.isotc211.org/2005/resources/Codelist/gmxCodelists.xml#CI_DateTypeCode" codeListValue="revision" codeSpace="ISOTC211/19115">revision</CI_DateTypeCode>
                  </dateType>
                </CI_Date>
              </date>
              <edition>
                <gco:CharacterString>3.1</gco:CharacterString>
              </edition>
              <identifier>
                <MD_Identifier>
                  <code>
                    <gco:CharacterString>http://www.geonames.org/ontology#</gco:CharacterString>
                  </code>
                </MD_Identifier>
              </identifier>
            </CI_Citation>
          </thesaurusName>
        </MD_Keywords>
      </descriptiveKeywords>
      <descriptiveKeywords>
        <MD_Keywords>
          <keyword>
            <gco:CharacterString>1930</gco:CharacterString>
          </keyword>
          <type>
            <MD_KeywordTypeCode codeList="http://www.isotc211.org/2005/resources/Codelist/gmxCodelists.xml#MD_KeywordTypeCode" codeListValue="temporal" codeSpace="ISOTC211/19115">temporal</MD_KeywordTypeCode>
          </type>
        </MD_Keywords>
      </descriptiveKeywords>
      <descriptiveKeywords>
        <MD_Keywords>
          <keyword>
            <gco:CharacterString>Counties</gco:CharacterString>
          </keyword>
          <type>
            <MD_KeywordTypeCode codeList="http://www.isotc211.org/2005/resources/Codelist/gmxCodelists.xml#MD_KeywordTypeCode" codeListValue="theme" codeSpace="ISOTC211/19115">theme</MD_KeywordTypeCode>
          </type>
          <thesaurusName>
            <CI_Citation>
              <title>
                <gco:CharacterString>lcsh</gco:CharacterString>
              </title>
              <date>
                <CI_Date>
                  <date>
                    <gco:Date>2011-04-26</gco:Date>
                  </date>
                  <dateType>
                    <CI_DateTypeCode codeList="http://www.isotc211.org/2005/resources/Codelist/gmxCodelists.xml#CI_DateTypeCode" codeListValue="revision" codeSpace="ISOTC211/19115">revision</CI_DateTypeCode>
                  </dateType>
                </CI_Date>
              </date>
              <identifier>
                <MD_Identifier>
                  <code>
                    <gco:CharacterString>http://id.loc.gov/authorities/subjects.html</gco:CharacterString>
                  </code>
                </MD_Identifier>
              </identifier>
            </CI_Citation>
          </thesaurusName>
        </MD_Keywords>
      </descriptiveKeywords>
      <resourceConstraints>
        <MD_LegalConstraints>
          <useLimitation>
            <gco:CharacterString>For educational, non-commercial use only. Any use of the data in scholarly publications should acknowledge the appropriate source: Earle, Carville, Changyong Cao, John Heppen, and Samuel Otterstrom. 1999. The Historical United States County Boundary Files 1790-1999. Geoscience Publications. Louisiana State University. The Historical United States County Boundary Files 1790-1999 is provided as is. No warranties, expressed or implied, are made by the authors (Earle, Carville, Changyong Cao, John Heppen, and Samuel Otterstrom) or publisher (Geoscience Publications, Department of Geography and Anthropology, Louisiana State University) that the files are free of error. The shapefiles are not warranted for correctness, accuracy or fitness for the task. Users rely on the results solely at their own risk: no responsibility is assumed in connection therewith. We ask that the user promptly inform us of any errors in the county boundaries in order that we may make corrections in future versions of the files. We invite each user to offer suggestions on ways of improving HUSCO's utility for geographic research. Please send us a copy of any research effort (published paper, working paper, term paper, submitted manuscript, and the like) that uses or references the files to Geoscience Publications, P.O. Box 16010, Baton Rouge, LA 70893-6010, USA. With this information, we can track usage as well as update you on any errors discerned in the files.</gco:CharacterString>
          </useLimitation>
          <accessConstraints>
            <MD_RestrictionCode codeList="http://www.isotc211.org/2005/resources/Codelist/gmxCodelists.xml#MD_RestrictionCode" codeListValue="restricted" codeSpace="ISOTC211/19115">restricted</MD_RestrictionCode>
          </accessConstraints>
          <useConstraints>
            <MD_RestrictionCode codeList="http://www.isotc211.org/2005/resources/Codelist/gmxCodelists.xml#MD_RestrictionCode" codeListValue="restricted" codeSpace="ISOTC211/19115">restricted</MD_RestrictionCode>
          </useConstraints>
        </MD_LegalConstraints>
      </resourceConstraints>
      <aggregationInfo>
        <MD_AggregateInformation>
          <aggregateDataSetName>
            <CI_Citation>
              <title>
                <gco:CharacterString>HUSCO 1790-1999: historical United States county boundary files</gco:CharacterString>
              </title>
              <date>
                <CI_Date>
                  <date>
                    <gco:Date>1999-12-31</gco:Date>
                  </date>
                  <dateType>
                    <CI_DateTypeCode codeList="http://www.isotc211.org/2005/resources/Codelist/gmxCodelists.xml#CI_DateTypeCode" codeListValue="publication" codeSpace="ISOTC211/19115">publication</CI_DateTypeCode>
                  </dateType>
                </CI_Date>
              </date>
              <identifier>
                <MD_Identifier>
                  <code>
                    <gco:CharacterString>http://purl.stanford.edu/gz830zp4734</gco:CharacterString>
                  </code>
                </MD_Identifier>
              </identifier>
              <citedResponsibleParty>
                <CI_ResponsibleParty>
                  <organisationName>
                    <gco:CharacterString>Louisiana State University (Baton Rouge, La.). Department of Geography and Anthropology.</gco:CharacterString>
                  </organisationName>
                  <role>
                    <CI_RoleCode codeList="http://www.isotc211.org/2005/resources/Codelist/gmxCodelists.xml#CI_RoleCode" codeListValue="pointOfContact" codeSpace="ISOTC211/19115">pointOfContact</CI_RoleCode>
                  </role>
                </CI_ResponsibleParty>
              </citedResponsibleParty>
              <citedResponsibleParty>
                <CI_ResponsibleParty>
                  <individualName>
                    <gco:CharacterString>Earle, Carville</gco:CharacterString>
                  </individualName>
                  <role>
                    <CI_RoleCode codeList="http://www.isotc211.org/2005/resources/Codelist/gmxCodelists.xml#CI_RoleCode" codeListValue="originator" codeSpace="ISOTC211/19115">originator</CI_RoleCode>
                  </role>
                </CI_ResponsibleParty>
              </citedResponsibleParty>
              <citedResponsibleParty>
                <CI_ResponsibleParty>
                  <individualName>
                    <gco:CharacterString>Heppen, John</gco:CharacterString>
                  </individualName>
                  <role>
                    <CI_RoleCode codeList="http://www.isotc211.org/2005/resources/Codelist/gmxCodelists.xml#CI_RoleCode" codeListValue="originator" codeSpace="ISOTC211/19115">originator</CI_RoleCode>
                  </role>
                </CI_ResponsibleParty>
              </citedResponsibleParty>
              <citedResponsibleParty>
                <CI_ResponsibleParty>
                  <organisationName>
                    <gco:CharacterString>Geoscience Publications</gco:CharacterString>
                  </organisationName>
                  <role>
                    <CI_RoleCode codeList="http://www.isotc211.org/2005/resources/Codelist/gmxCodelists.xml#CI_RoleCode" codeListValue="publisher" codeSpace="ISOTC211/19115">publisher</CI_RoleCode>
                  </role>
                </CI_ResponsibleParty>
              </citedResponsibleParty>
              <citedResponsibleParty>
                <CI_ResponsibleParty>
                  <individualName>
                    <gco:CharacterString>Otterstrom, Samuel</gco:CharacterString>
                  </individualName>
                  <role>
                    <CI_RoleCode codeList="http://www.isotc211.org/2005/resources/Codelist/gmxCodelists.xml#CI_RoleCode" codeListValue="originator" codeSpace="ISOTC211/19115">originator</CI_RoleCode>
                  </role>
                </CI_ResponsibleParty>
              </citedResponsibleParty>
            </CI_Citation>
          </aggregateDataSetName>
          <associationType>
            <DS_AssociationTypeCode codeList="http://www.isotc211.org/2005/resources/Codelist/gmxCodelists.xml#DS_AssociationTypeCode" codeListValue="largerWorkCitation" codeSpace="ISOTC211/19115">largerWorkCitation</DS_AssociationTypeCode>
          </associationType>
          <initiativeType>
            <DS_InitiativeTypeCode codeList="http://www.isotc211.org/2005/resources/Codelist/gmxCodelists.xml#DS_InitiativeTypeCode" codeListValue="collection" codeSpace="ISOTC211/19115">collection</DS_InitiativeTypeCode>
          </initiativeType>
        </MD_AggregateInformation>
      </aggregationInfo>
      <spatialRepresentationType>
        <MD_SpatialRepresentationTypeCode codeList="http://www.isotc211.org/2005/resources/Codelist/gmxCodelists.xml#MD_SpatialRepresentationTypeCode" codeListValue="vector" codeSpace="ISOTC211/19115">vector</MD_SpatialRepresentationTypeCode>
      </spatialRepresentationType>
      <language>
        <LanguageCode codeList="http://www.loc.gov/standards/iso639-2/php/code_list.php" codeListValue="eng" codeSpace="ISO639-2">eng</LanguageCode>
      </language>
      <characterSet>
        <MD_CharacterSetCode codeList="http://www.isotc211.org/2005/resources/Codelist/gmxCodelists.xml#MD_CharacterSetCode" codeListValue="utf8" codeSpace="ISOTC211/19115">utf8</MD_CharacterSetCode>
      </characterSet>
      <topicCategory>
        <MD_TopicCategoryCode>boundaries</MD_TopicCategoryCode>
      </topicCategory>
      <environmentDescription>
        <gco:CharacterString>Microsoft Windows 7 Version 6.1 (Build 7601) Service Pack 1; Esri ArcGIS 10.2.2.3552</gco:CharacterString>
      </environmentDescription>
      <extent>
        <EX_Extent>
          <geographicElement>
            <EX_GeographicBoundingBox>
              <extentTypeCode>
                <gco:Boolean>true</gco:Boolean>
              </extentTypeCode>
              <westBoundLongitude>
                <gco:Decimal>-124.684351</gco:Decimal>
              </westBoundLongitude>
              <eastBoundLongitude>
                <gco:Decimal>-67.031421</gco:Decimal>
              </eastBoundLongitude>
              <southBoundLatitude>
                <gco:Decimal>25.119411</gco:Decimal>
              </southBoundLatitude>
              <northBoundLatitude>
                <gco:Decimal>49.372521</gco:Decimal>
              </northBoundLatitude>
            </EX_GeographicBoundingBox>
          </geographicElement>
        </EX_Extent>
      </extent>
      <extent>
        <EX_Extent>
          <description>
            <gco:CharacterString>ground condition</gco:CharacterString>
          </description>
          <temporalElement>
            <EX_TemporalExtent>
              <extent>
                <gml:TimePeriod gml:id="idp96320">
                  <gml:beginPosition>1930-01-01T00:00:00</gml:beginPosition>
                  <gml:endPosition>1930-12-31T00:00:00</gml:endPosition>
                </gml:TimePeriod>
              </extent>
            </EX_TemporalExtent>
          </temporalElement>
        </EX_Extent>
      </extent>
    </MD_DataIdentification>
  </identificationInfo>
  <contentInfo>
    <MD_FeatureCatalogueDescription>
      <complianceCode>
        <gco:Boolean>false</gco:Boolean>
      </complianceCode>
      <language>
        <LanguageCode codeList="http://www.loc.gov/standards/iso639-2/php/code_list.php" codeListValue="eng" codeSpace="ISO639-2">eng</LanguageCode>
      </language>
      <includedWithDataset>
        <gco:Boolean>true</gco:Boolean>
      </includedWithDataset>
      <featureCatalogueCitation>
        <CI_Citation>
          <title>
            <gco:CharacterString>Feature catalog for Historical United States County Boundaries, 1930</gco:CharacterString>
          </title>
          <date>
            <CI_Date>
              <date>
                <gco:Date>1999-12-31</gco:Date>
              </date>
              <dateType>
                <CI_DateTypeCode codeList="http://www.isotc211.org/2005/resources/Codelist/gmxCodelists.xml#CI_DateTypeCode" codeListValue="publication" codeSpace="ISOTC211/19115">publication</CI_DateTypeCode>
              </dateType>
            </CI_Date>
          </date>
          <identifier>
            <MD_Identifier>
              <code>
                <gco:CharacterString>be376fb7-439a-491c-950b-6240544932bf</gco:CharacterString>
              </code>
            </MD_Identifier>
          </identifier>
          <citedResponsibleParty>
            <CI_ResponsibleParty>
              <individualName>
                <gco:CharacterString>Earle, Carville</gco:CharacterString>
              </individualName>
              <role>
                <CI_RoleCode codeList="http://www.isotc211.org/2005/resources/Codelist/gmxCodelists.xml#CI_RoleCode" codeListValue="originator" codeSpace="ISOTC211/19115">originator</CI_RoleCode>
              </role>
            </CI_ResponsibleParty>
          </citedResponsibleParty>
          <citedResponsibleParty>
            <CI_ResponsibleParty>
              <individualName>
                <gco:CharacterString>Heppen, John</gco:CharacterString>
              </individualName>
              <role>
                <CI_RoleCode codeList="http://www.isotc211.org/2005/resources/Codelist/gmxCodelists.xml#CI_RoleCode" codeListValue="originator" codeSpace="ISOTC211/19115">originator</CI_RoleCode>
              </role>
            </CI_ResponsibleParty>
          </citedResponsibleParty>
          <citedResponsibleParty>
            <CI_ResponsibleParty>
              <individualName>
                <gco:CharacterString>Otterstrom, Samuel</gco:CharacterString>
              </individualName>
              <role>
                <CI_RoleCode codeList="http://www.isotc211.org/2005/resources/Codelist/gmxCodelists.xml#CI_RoleCode" codeListValue="originator" codeSpace="ISOTC211/19115">originator</CI_RoleCode>
              </role>
            </CI_ResponsibleParty>
          </citedResponsibleParty>
          <citedResponsibleParty>
            <CI_ResponsibleParty>
              <organisationName>
                <gco:CharacterString>Louisiana State University (Baton Rouge, La.). Department of Geography and Anthropology.</gco:CharacterString>
              </organisationName>
              <contactInfo>
                <CI_Contact>
                  <address>
                    <CI_Address>
                      <deliveryPoint>
                        <gco:CharacterString>227 Howe Russell Bldg.</gco:CharacterString>
                      </deliveryPoint>
                      <city>
                        <gco:CharacterString>Baton Rouge</gco:CharacterString>
                      </city>
                      <administrativeArea>
                        <gco:CharacterString>Louisiana</gco:CharacterString>
                      </administrativeArea>
                      <postalCode>
                        <gco:CharacterString>70803</gco:CharacterString>
                      </postalCode>
                      <country>
                        <gco:CharacterString>US</gco:CharacterString>
                      </country>
                    </CI_Address>
                  </address>
                  <contactInstructions>
                    <gco:CharacterString>http://ga.lsu.edu/geoscience-publications</gco:CharacterString>
                  </contactInstructions>
                </CI_Contact>
              </contactInfo>
              <role>
                <CI_RoleCode codeList="http://www.isotc211.org/2005/resources/Codelist/gmxCodelists.xml#CI_RoleCode" codeListValue="publisher" codeSpace="ISOTC211/19115">publisher</CI_RoleCode>
              </role>
            </CI_ResponsibleParty>
          </citedResponsibleParty>
          <citedResponsibleParty>
            <CI_ResponsibleParty>
              <individualName>
                <gco:CharacterString>Cao, Changyong</gco:CharacterString>
              </individualName>
              <role>
                <CI_RoleCode codeList="http://www.isotc211.org/2005/resources/Codelist/gmxCodelists.xml#CI_RoleCode" codeListValue="originator" codeSpace="ISOTC211/19115">originator</CI_RoleCode>
              </role>
            </CI_ResponsibleParty>
          </citedResponsibleParty>
        </CI_Citation>
      </featureCatalogueCitation>
    </MD_FeatureCatalogueDescription>
  </contentInfo>
  <distributionInfo>
    <MD_Distribution>
      <distributionFormat>
        <MD_Format>
          <name>
            <gco:CharacterString>Shapefile</gco:CharacterString>
          </name>
          <version gco:nilReason="missing"/>
        </MD_Format>
      </distributionFormat>
      <distributor>
        <MD_Distributor>
          <distributorContact>
            <CI_ResponsibleParty>
              <organisationName>
                <gco:CharacterString>Stanford Geospatial Center</gco:CharacterString>
              </organisationName>
              <contactInfo>
                <CI_Contact>
                  <phone>
                    <CI_Telephone>
                      <voice>
                        <gco:CharacterString>650-723-2746</gco:CharacterString>
                      </voice>
                    </CI_Telephone>
                  </phone>
                  <address>
                    <CI_Address>
                      <deliveryPoint>
                        <gco:CharacterString>Branner Earth Sciences Library</gco:CharacterString>
                      </deliveryPoint>
                      <deliveryPoint>
                        <gco:CharacterString>Mitchell Building, 2nd Floor</gco:CharacterString>
                      </deliveryPoint>
                      <deliveryPoint>
                        <gco:CharacterString>397 Panama Mall</gco:CharacterString>
                      </deliveryPoint>
                      <city>
                        <gco:CharacterString>Stanford</gco:CharacterString>
                      </city>
                      <administrativeArea>
                        <gco:CharacterString>California</gco:CharacterString>
                      </administrativeArea>
                      <postalCode>
                        <gco:CharacterString>94305</gco:CharacterString>
                      </postalCode>
                      <electronicMailAddress>
                        <gco:CharacterString>brannerlibrary@stanford.edu</gco:CharacterString>
                      </electronicMailAddress>
                    </CI_Address>
                  </address>
                </CI_Contact>
              </contactInfo>
              <role>
                <CI_RoleCode codeList="http://www.isotc211.org/2005/resources/Codelist/gmxCodelists.xml#CI_RoleCode" codeListValue="distributor" codeSpace="ISOTC211/19115">distributor</CI_RoleCode>
              </role>
            </CI_ResponsibleParty>
          </distributorContact>
        </MD_Distributor>
      </distributor>
      <transferOptions>
        <MD_DigitalTransferOptions>
          <transferSize>
            <gco:Real>1.222</gco:Real>
          </transferSize>
          <onLine>
            <CI_OnlineResource>
              <linkage>
                <URL>http://purl.stanford.edu/zf690wx7253</URL>
              </linkage>
              <protocol>
                <gco:CharacterString>http</gco:CharacterString>
              </protocol>
              <name>
                <gco:CharacterString>us1930.shp</gco:CharacterString>
              </name>
              <function>
                <CI_OnLineFunctionCode codeList="http://www.isotc211.org/2005/resources/Codelist/gmxCodelists.xml#CI_OnLineFunctionCode" codeListValue="download" codeSpace="ISOTC211/19115">download</CI_OnLineFunctionCode>
              </function>
            </CI_OnlineResource>
          </onLine>
        </MD_DigitalTransferOptions>
      </transferOptions>
    </MD_Distribution>
  </distributionInfo>
</MD_Metadata>
