<?xml version="1.0" encoding="UTF-8"?>
<metadata>
  <idinfo>
    <citation>
      <citeinfo>
        <origin/>
        <origin/>
        <origin/>
        <origin/>
        <origin/>
        <pubdate>19991231</pubdate>
        <title>Historical United States County Boundaries, 1930</title>
        <geoform>vector digital data</geoform>
        <pubinfo>
          <pubplace/>
          <publish>Geoscience Publications</publish>
        </pubinfo>
        <onlink>http://purl.stanford.edu/zf690wx7253</onlink>
        <lworkcit>
          <citeinfo>
            <origin/>
            <origin/>
            <origin/>
            <pubdate>19991231</pubdate>
            <title>HUSCO 1790-1999: historical United States county boundary files</title>
            <pubinfo>
              <publish>Geoscience Publications</publish>
            </pubinfo>
          </citeinfo>
        </lworkcit>
      </citeinfo>
    </citation>
    <descript>
      <abstract>This polygon shapefile contains county boundaries for the United States in 1930. Attributes include county and state names as well as FIPS identification numbers and county area estimates. Territories enumerated by the U.S. Census are also included. This layer is part of a collection of historical United States county boundary files (HUSCO), from each decade ranging from 1790-1999.</abstract>
      <purpose>This layer is intended for researchers, students, and policy makers for reference and mapping purposes, and may be used for basic applications such as viewing, querying, and map output production.</purpose>
    </descript>
    <timeperd>
      <timeinfo>
        <rngdates>
          <begdate>19300101</begdate>
          <enddate>19301231</enddate>
        </rngdates>
      </timeinfo>
      <current>ground condition</current>
    </timeperd>
    <status>
      <progress>Complete</progress>
      <update>Unknown</update>
    </status>
    <spdom>
      <bounding>
        <westbc>-124.684351</westbc>
        <eastbc>-67.031421</eastbc>
        <northbc>49.372521</northbc>
        <southbc>25.119411</southbc>
      </bounding>
    </spdom>
    <keywords>
      <theme>
        <themekt>lcsh</themekt>
        <themekey>Counties</themekey>
      </theme>
      <theme>
        <themekt>ISO 19115 Topic Categories</themekt>
        <themekey>boundaries</themekey>
      </theme>
      <place>
        <placekt>geonames</placekt>
        <placekey>Alabama</placekey>
        <placekey>Arizona</placekey>
        <placekey>Arkansas</placekey>
        <placekey>California</placekey>
        <placekey>Colorado</placekey>
        <placekey>Connecticut</placekey>
        <placekey>Delaware</placekey>
        <placekey>Florida</placekey>
        <placekey>Georgia</placekey>
        <placekey>Idaho</placekey>
        <placekey>Illinois</placekey>
        <placekey>Indiana</placekey>
        <placekey>Iowa</placekey>
        <placekey>Kansas</placekey>
        <placekey>Kentucky</placekey>
        <placekey>Louisiana</placekey>
        <placekey>Maine</placekey>
        <placekey>Maryland</placekey>
        <placekey>Massachusetts</placekey>
        <placekey>Michigan</placekey>
        <placekey>Minnesota</placekey>
        <placekey>Mississippi</placekey>
        <placekey>Missouri</placekey>
        <placekey>Nebraska</placekey>
        <placekey>Nevada</placekey>
        <placekey>New Hampshire</placekey>
        <placekey>New Jersey</placekey>
        <placekey>New Mexico</placekey>
        <placekey>New York (State)</placekey>
        <placekey>North Carolina</placekey>
        <placekey>North Dakota</placekey>
        <placekey>Oklahoma</placekey>
        <placekey>Ohio</placekey>
        <placekey>Oregon</placekey>
        <placekey>Pennsylvania</placekey>
        <placekey>Rhode Island</placekey>
        <placekey>South Carolina</placekey>
        <placekey>South Dakota</placekey>
        <placekey>Tennessee</placekey>
        <placekey>Texas</placekey>
        <placekey>Utah</placekey>
        <placekey>Vermont</placekey>
        <placekey>Virginia</placekey>
        <placekey>Washington (State)</placekey>
        <placekey>West Virginia</placekey>
        <placekey>Wisconsin</placekey>
        <placekey>Wyoming</placekey>
        <placekey>United States</placekey>
      </place>
      <temporal>
        <tempkt>None</tempkt>
        <tempkey>1930</tempkey>
      </temporal>
    </keywords>
    <accconst>None</accconst>
    <useconst>For educational, non-commercial use only. Any use of the data in scholarly publications should acknowledge the appropriate source: Earle, Carville, Changyong Cao, John Heppen, and Samuel Otterstrom. 1999. The Historical United States County Boundary Files 1790-1999. Geoscience Publications. Louisiana State University. The Historical United States County Boundary Files 1790-1999 is provided as is. No warranties, expressed or implied, are made by the authors (Earle, Carville, Changyong Cao, John Heppen, and Samuel Otterstrom) or publisher (Geoscience Publications, Department of Geography and Anthropology, Louisiana State University) that the files are free of error. The shapefiles are not warranted for correctness, accuracy or fitness for the task. Users rely on the results solely at their own risk: no responsibility is assumed in connection therewith. We ask that the user promptly inform us of any errors in the county boundaries in order that we may make corrections in future versions of the files. We invite each user to offer suggestions on ways of improving HUSCO's utility for geographic research. Please send us a copy of any research effort (published paper, working paper, term paper, submitted manuscript, and the like) that uses or references the files to Geoscience Publications, P.O. Box 16010, Baton Rouge, LA 70893-6010, USA. With this information, we can track usage as well as update you on any errors discerned in the files.</useconst>
    <ptcontac>
      <cntinfo>
        <cntorgp>
          <cntorg>Louisiana State University (Baton Rouge, La.). Department of Geography and Anthropology.</cntorg>
        </cntorgp>
        <cntaddr>
          <addrtype>mailing and physical</addrtype>
          <address>227 Howe Russell Bldg.</address>
          <city>Baton Rouge</city>
          <state>Louisiana</state>
          <postal>70803</postal>
          <country>US</country>
        </cntaddr>
        <cntinst>http://ga.lsu.edu/geoscience-publications</cntinst>
      </cntinfo>
    </ptcontac>
    <datacred>Earle, Carville, Changyong Cao, John Heppen, and Samuel Otterstrom. 1999. The Historical United States County Boundary Files 1790-1999. Geoscience Publications. Louisiana State University</datacred>
    <native>Microsoft Windows 7 Version 6.1 (Build 7601) Service Pack 1; Esri ArcGIS 10.2.2.3552</native>
  </idinfo>
  <spdoinfo>
    <direct>Vector</direct>
    <ptvctinf>
      <sdtsterm>
        <sdtstype>GT-polygon composed of chains</sdtstype>
        <ptvctcnt>3074</ptvctcnt>
      </sdtsterm>
    </ptvctinf>
  </spdoinfo>
  <eainfo>
    <detailed>
      <enttyp>
        <enttypl>us1930</enttypl>
      </enttyp>
      <attr>
        <attrlabl>FID</attrlabl>
        <attrdef>Internal feature number.</attrdef>
        <attrdefs>Esri</attrdefs>
        <attrdomv>
          <udom>Sequential unique whole numbers that are automatically generated.</udom>
        </attrdomv>
      </attr>
      <attr>
        <attrlabl>Shape</attrlabl>
        <attrdef>Feature geometry.</attrdef>
        <attrdefs>Esri</attrdefs>
        <attrdomv>
          <udom>Coordinates defining the features.</udom>
        </attrdomv>
      </attr>
      <attr>
        <attrlabl>AREA</attrlabl>
        <attrdef>Internally calculated area of the feature</attrdef>
      </attr>
      <attr>
        <attrlabl>PERIMETER</attrlabl>
        <attrdef>Internally calculated perimiter of the feature</attrdef>
      </attr>
      <attr>
        <attrlabl>COUNTY</attrlabl>
        <attrdef>County name. Indian territories and some unnamed counties are blank in the "County" field due to the fact that they were unorganized or Indian territories</attrdef>
      </attr>
      <attr>
        <attrlabl>STATE</attrlabl>
        <attrdef>State Name. Some counties or territories are identified by the present name in the 'State' field rather than the territory name in certain decades before the particular territory achieved statehood.</attrdef>
      </attr>
      <attr>
        <attrlabl>ID</attrlabl>
        <attrdef>1970 FIPS code number (counties created after 1970 are given their new official FIPS code) save for counties disestablished prior to 1970. In these cases, we assign them the first available even number in accordance with the alphabetical/numerical order of the counties/FIPS codes. Some very rare exceptions will include Indian Territories, phantom counties, and territories and states not parceled into counties at that time. These exceptions are usually given the FIPS code numbers of **999 or **000</attrdef>
      </attr>
      <attr>
        <attrlabl>CNTY_AREA</attrlabl>
        <attrdef>Estimated area of the County in square miles</attrdef>
      </attr>
      <attr>
        <attrlabl>GAVPrimary</attrlabl>
      </attr>
      <attr>
        <attrlabl>ID1</attrlabl>
      </attr>
    </detailed>
  </eainfo>
  <distinfo>
    <distrib>
      <cntinfo>
        <cntorgp>
          <cntorg>Stanford Geospatial Center</cntorg>
        </cntorgp>
        <cntaddr>
          <addrtype>physical</addrtype>
          <address>Branner Earth Sciences Library</address>
          <address>Mitchell Building, 2nd Floor</address>
          <address>397 Panama Mall</address>
          <city>Stanford</city>
          <state>California</state>
          <postal>94305</postal>
        </cntaddr>
        <cntvoice>650-723-2746</cntvoice>
        <cntemail>brannerlibrary@stanford.edu</cntemail>
      </cntinfo>
    </distrib>
    <distliab>For educational, non-commercial use only. Any use of the data in scholarly publications should acknowledge the appropriate source: Earle, Carville, Changyong Cao, John Heppen, and Samuel Otterstrom. 1999. The Historical United States County Boundary Files 1790-1999. Geoscience Publications. Louisiana State University. The Historical United States County Boundary Files 1790-1999 is provided as is. No warranties, expressed or implied, are made by the authors (Earle, Carville, Changyong Cao, John Heppen, and Samuel Otterstrom) or publisher (Geoscience Publications, Department of Geography and Anthropology, Louisiana State University) that the files are free of error. The shapefiles are not warranted for correctness, accuracy or fitness for the task. Users rely on the results solely at their own risk: no responsibility is assumed in connection therewith. We ask that the user promptly inform us of any errors in the county boundaries in order that we may make corrections in future versions of the files. We invite each user to offer suggestions on ways of improving HUSCO's utility for geographic research. Please send us a copy of any research effort (published paper, working paper, term paper, submitted manuscript, and the like) that uses or references the files to Geoscience Publications, P.O. Box 16010, Baton Rouge, LA 70893-6010, USA. With this information, we can track usage as well as update you on any errors discerned in the files.</distliab>
  </distinfo>
  <metainfo>
    <metd>20150609</metd>
    <metc>
      <cntinfo>
        <cntorgp>
          <cntorg>Stanford Geospatial Center</cntorg>
        </cntorgp>
        <cntaddr>
          <addrtype>mailing and physical</addrtype>
          <address>Mitchell Bldg. 2nd floor</address>
          <address>397 Panama Mall</address>
          <city>Stanford</city>
          <state>California</state>
          <postal>94305</postal>
          <country>US</country>
        </cntaddr>
        <cntvoice>650-723-2746</cntvoice>
        <cntemail>brannerlibrary@stanford.edu</cntemail>
      </cntinfo>
    </metc>
    <metstdn>FGDC Content Standard for Digital Geospatial Metadata</metstdn>
    <metstdv>FGDC-STD-001-1998</metstdv>
    <mettc>local time</mettc>
  </metainfo>
</metadata>
